model,2
bert-base-uncased_bert_base_uncased_p2,0.46470758281083346
bert_p2,0.5805139162173123
