model,target_prompt,best_val_qwk,test_qwk,test_pearson,test_spearman,test_rmse,test_mae,total_epochs
bert-base-uncased_bert_base_uncased_p2,2,0.706857021296712,0.46470758281083346,0.7092108726501465,0.661910219846284,0.8327895456553867,0.6913197636604309,1
bert_p2,2,0.7507829501235463,0.5805139162173123,0.6878917813301086,0.6511139895024297,0.6745311663011009,0.5365852117538452,5
